{"cameraMode":{"drawMode":0,"name":"Shaded","section":"Shading Mode"},"sceneLighting":false,"audioPlay":false,"sceneViewState":{"showFog":true,"showMaterialUpdate":false,"showSkybox":false,"showFlares":true,"showImageEffects":true,"showParticleSystems":true},"in2DMode":false,"pivot":{"x":-3.024482250213623,"y":18.937416076660158,"z":8.030433654785157},"rotation":{"x":0.09125520288944245,"y":0.05286305025219917,"z":-0.004761687479913235,"w":0.9945260286331177},"size":23.28595733642578,"orthographic":false}