{"cameraMode":{"drawMode":0,"name":"Shaded","section":"Shading Mode"},"sceneLighting":false,"audioPlay":false,"sceneViewState":{"showFog":true,"showMaterialUpdate":false,"showSkybox":false,"showFlares":true,"showImageEffects":true,"showParticleSystems":true},"in2DMode":false,"pivot":{"x":-0.08160945773124695,"y":0.7699102759361267,"z":-0.2736588716506958},"rotation":{"x":0.0008630619267933071,"y":0.978417158126831,"z":-0.2070053517818451,"w":0.002589295618236065},"size":1.0481833219528199,"orthographic":false}